{
  "project_info": {
    "project_number": "843644314654",
    "firebase_url": "https://complimentary-76fce.firebaseio.com",
    "project_id": "complimentary-76fce",
    "storage_bucket": "complimentary-76fce.appspot.com"
  },
  "client": [
    {
      "client_info": {
        "mobilesdk_app_id": "1:843644314654:android:a4426817cfa8231d",
        "android_client_info": {
          "package_name": "kas.complimentary"
        }
      },
      "oauth_client": [
        {
          "client_id": "843644314654-c8q0hsg695g521m49qo6pi2pkecb8f11.apps.googleusercontent.com",
          "client_type": 1,
          "android_info": {
            "package_name": "kas.complimentary",
            "certificate_hash": "4d01c1f48c327db824c65be04d7a46bbf9fe4bd7"
          }
        },
        {
          "client_id": "843644314654-se6ib9q1496n1okp58auu7ni52kv6nn4.apps.googleusercontent.com",
          "client_type": 3
        }
      ],
      "api_key": [
        {
          "current_key": "AIzaSyDgV7dcTzw5B_BDnMg-ePggOAo46jllJr8"
        }
      ],
      "services": {
        "appinvite_service": {
          "other_platform_oauth_client": [
            {
              "client_id": "843644314654-se6ib9q1496n1okp58auu7ni52kv6nn4.apps.googleusercontent.com",
              "client_type": 3
            }
          ]
        }
      }
    }
  ],
  "configuration_version": "1"
}